comment,label
Cảm ơn anh đã chia sẻ kiến thức bổ ích,0
"Rất hữu ích, mình sẽ áp dụng ngay!",0
Bài viết truyền cảm hứng quá!,0
Tuyệt vời! Mình đã học được rất nhiều,0
Cảm ơn bạn đã chia sẻ góc nhìn thú vị,0
"Thật sự rất đáng đọc, cảm ơn bạn!",0
"Bài viết quá chất lượng, cảm ơn tác giả!",0
Thông tin rất hay và thực tế,0
Mình đồng ý với quan điểm này,0
Share mạnh bài viết này nhé!,0
Tôi đánh giá rất cao bài viết này,0
"Góc nhìn rất thú vị, cảm ơn vì đã chia sẻ",0
Một bài viết đáng suy ngẫm,0
Mình rất thích bài viết này,0
"Phân tích rất sắc sảo, cảm ơn bạn!",0
Thật tuyệt khi được đọc bài viết này,0
Đây là điều mình đang tìm kiếm,0
Chia sẻ rất thực tế và hữu ích,0
Quan điểm của bạn rất đáng để học hỏi,0
Rất đồng tình với ý kiến của bạn,0
Bài viết rất truyền cảm hứng,0
Tư duy rất logic và rõ ràng,0
Giá trị quá! Cảm ơn bạn,0
Một bài viết rất sâu sắc,0
Cảm ơn vì đã dành thời gian chia sẻ,0
Nội dung rất hữu ích cho người mới,0
Thông tin rất rõ ràng và cụ thể,0
Chia sẻ rất có tâm,0
Góc nhìn rất mới mẻ,0
Phù hợp với tình hình hiện tại,0
Bài viết rất đáng để suy ngẫm,0
Mình sẽ lưu lại để đọc kỹ hơn,0
Cảm ơn vì thông tin hữu ích,0
Tác giả viết rất có tâm,0
"Nội dung thực tế, không lý thuyết suông",0
Tư duy phản biện rất tốt,0
Bài viết đánh đúng trọng tâm,0
Cảm ơn vì bài phân tích sâu sắc,0
Học được nhiều điều từ bài viết này,0
Mình chia sẻ cho bạn bè cùng đọc,0
Chúc bạn ngày mới vui vẻ!,0
Mong có thêm nhiều bài viết như thế này,0
Bài viết rất nhân văn,0
Bạn trình bày rất dễ hiểu,0
"Giọng văn gần gũi, dễ tiếp cận",0
Thích cách bạn đưa ví dụ minh họa,0
Bài viết như mở mang đầu óc,0
Phân tích xu hướng rất hợp lý,0
Rất ấn tượng với nội dung,0
Bạn viết quá hay!,0
Mình học được nhiều điều,0
Bạn tổng hợp rất đầy đủ,0
Đọc xong cảm thấy rất tích cực,0
Cảm ơn bạn đã chia sẻ!,0
"Bài viết gọn gàng, dễ hiểu",0
Mình đã áp dụng thử và thấy hiệu quả,0
Thông tin trong bài rất thực tiễn,0
Bài viết rất phù hợp với người mới,0
Bạn giải thích rất cặn kẽ,0
Mình cảm thấy được tiếp thêm động lực,0
Rất mong bạn tiếp tục chia sẻ,0
Thông tin rất kịp thời,0
Giải thích rất rõ ràng,0
Một chủ đề rất hay,0
Cảm ơn bạn vì sự chia sẻ chân thành,0
Tư duy rất sáng tạo,0
Cảm ơn vì bạn đã giúp mình hiểu thêm,0
Thích cách bạn nhìn nhận vấn đề,0
Bạn viết rất mạch lạc,0
Rất vui vì đọc được bài viết này,0
Đọc xong muốn làm việc chăm chỉ hơn,0
Một bài viết rất chất lượng,0
Bạn đưa ra ví dụ rất sát thực tế,0
Cảm ơn vì một bài viết truyền cảm hứng,0
Mình thấy nội dung rất có chiều sâu,0
Bạn trình bày rất rõ ràng,0
Chúc bạn thành công hơn nữa!,0
Bài viết quá tuyệt vời!,0
Chia sẻ đầy tâm huyết,0
Mình thấy rất bổ ích,0
Rất mong bạn chia sẻ thêm,0
Nội dung bài viết rất sát thực,0
Bạn đưa ra quan điểm rất hợp lý,0
Bài viết đúng lúc mình đang cần,0
Mình thấy được nhiều giá trị,0
Bạn có góc nhìn rất sâu sắc,0
Đọc xong thấy rất thỏa mãn,0
Bạn thật sự rất tài giỏi,0
Mình đã học hỏi được nhiều,0
Một bài viết rất hữu ích,0
Thông tin cập nhật và chính xác,0
Bài viết đáng để lưu lại,0
Bạn tổng hợp rất hay,0
Một chủ đề rất đáng quan tâm,0
Nội dung rất gần gũi,0
Thấy bài này rất hay nên chia sẻ,0
Bài viết truyền cảm hứng làm việc,0
Nội dung rất chất lượng,0
Bài viết rất có ý nghĩa,0
Một nội dung đáng đọc,0
Tư duy bài viết rất sắc bén,0
Một bài viết tâm huyết,0
Giải thích rất dễ hiểu,0
Rất cảm ơn bạn đã chia sẻ!,0
Inbox mình để nhận tài liệu miễn phí,1
Liên hệ Zalo 0123456789 để biết thêm chi tiết,1
Click vào link để nhận phần thưởng khủng!,1
Đăng ký ngay để kiếm tiền mỗi ngày,1
Kiểm tra tài khoản ngay để nhận ưu đãi,1
Mở khóa bí mật thành công tài chính chỉ trong 7 ngày,1
Bạn có muốn kiếm thêm 10 triệu/tháng không?,1
Tham gia nhóm để nhận tips đầu tư miễn phí,1
"Chỉ cần 30 phút/ngày để đổi đời, inbox ngay!",1
Nhận ngay 500k khi đăng ký tài khoản hôm nay!,1
Đăng ký để được đào tạo miễn phí,1
Tuyệt chiêu kiếm tiền không cần vốn!,1
Inbox mình để được hỗ trợ mở tài khoản,1
Bạn muốn tự do tài chính? Inbox!,1
Đăng ký khóa học siêu ưu đãi ngay hôm nay,1
Đừng bỏ lỡ cơ hội làm giàu cùng chúng tôi,1
Click để nhận code giảm giá 50%,1
Muốn kinh doanh online hiệu quả? Inbox!,1
Chương trình khuyến mãi đặc biệt chỉ hôm nay,1
"Học thử miễn phí, inbox để biết thêm chi tiết",1
Đừng bỏ lỡ cơ hội kiếm thêm thu nhập,1
Nhanh tay nhận ưu đãi cực sốc!,1
Đăng ký ngay để không bỏ lỡ,1
Kiếm tiền mỗi ngày chỉ với vài thao tác,1
Cơ hội làm giàu chưa từng có,1
Tham gia khóa học miễn phí ngay hôm nay,1
Inbox ngay để biết thêm thông tin chi tiết,1
Nhận ngay tài liệu bí mật,1
Đăng ký nhanh để nhận quà tặng,1
Bí quyết thành công trong 1 tuần,1
Muốn kinh doanh thành công? Liên hệ ngay!,1
Đừng bỏ qua cơ hội tuyệt vời này,1
Tham gia hội thảo miễn phí ngay hôm nay,1
Click link để biết cách kiếm tiền từ nhà,1
Kiếm 5 triệu/tháng dễ dàng,1
Giảm giá 90% chỉ hôm nay!,1
Hãy để tôi giúp bạn thành công,1
Tuyệt chiêu chốt sale đỉnh cao,1
Đăng ký để nhận tài liệu độc quyền,1
"Không cần vốn, vẫn kiếm được tiền",1
"Giải pháp đầu tư thông minh, inbox để biết thêm",1
Mẹo bán hàng online cực hiệu quả,1
Tăng thu nhập từ 0 lên 10 triệu dễ dàng,1
Học kiếm tiền từ chuyên gia ngay hôm nay,1
Tham gia cộng đồng kinh doanh thành công,1
Giảm giá đặc biệt cho 100 người đầu tiên,1
"Tặng ebook miễn phí, chỉ cần inbox",1
Muốn thoát nghèo? Hãy inbox mình,1
Đăng ký để nhận bản tin đầu tư mỗi ngày,1
Hãy thử cách này nếu bạn đang thất nghiệp,1
Thành công không khó nếu bạn làm theo,1
Click nhận ưu đãi bất ngờ,1
Mẹo đầu tư bất động sản cho người mới,1
Inbox để nhận tài liệu học miễn phí,1
Giảm giá cực sốc chỉ trong hôm nay,1
Cách tăng doanh thu x2 cho cửa hàng,1
Cơ hội đổi đời chỉ sau 30 ngày,1
Hãy inbox để biết thêm thông tin,1
Tặng khóa học 0 đồng,1
Cơ hội có 1 không 2!,1
Tải app và nhận 100k miễn phí,1
Tham gia livestream để nhận quà,1
"Đừng chần chừ, inbox ngay!",1
Đăng ký học thử miễn phí,1
Inbox để được hỗ trợ tận tình,1
Khóa học giảm giá sâu nhất năm,1
Kiếm thêm thu nhập mùa dịch,1
Giải pháp tăng thu nhập an toàn,1
Click ngay để nhận quà hấp dẫn,1
Chương trình dành riêng cho bạn,1
Tặng bạn tài liệu hot nhất năm,1
Học miễn phí từ chuyên gia,1
Nhanh tay đăng ký để không bỏ lỡ,1
Chỉ cần 1 giờ/ngày để giàu có,1
Thành công bắt đầu từ hành động,1
Chương trình khuyến mãi cực khủng,1
Đừng bỏ lỡ cơ hội đổi đời,1
Liên hệ ngay để biết thêm,1
Tuyệt chiêu marketing online,1
Đăng ký để được tư vấn 1-1,1
Chia sẻ cơ hội đầu tư cực hot,1
Học cách kiếm tiền từ con số 0,1
"Mình đã thử và rất hiệu quả, inbox để biết thêm",1
